Current (A),Resistance (Ω),Temperature (°C),Load (%),Vibration (g),Fault
21.49,5.39,45.46,9,0.51,Normal
19.59,4.72,50.7,74,0.48,Normal
21.94,4.59,52.93,81,0.3,Normal
24.57,5.0,64.44,97,0.58,Normal
19.3,4.91,57.78,40,0.46,Normal
25.76,3.62,48.32,49,0.87,Winding Short
24.74,5.35,57.43,86,0.44,Normal
22.3,5.48,47.26,70,0.6,Normal
18.59,5.04,60.41,58,0.63,Normal
21.63,5.74,52.64,38,0.45,Normal
18.61,4.43,54.53,2,0.59,Normal
18.6,4.9,61.63,75,0.37,Normal
20.73,4.64,48.56,6,0.53,Normal
14.26,4.07,48.01,48,0.62,Normal
14.83,4.96,52.08,25,0.55,Normal
29.69,4.94,60.19,98,1.73,Overload
16.96,5.76,47.4,100,0.56,Normal
20.94,5.32,40.84,47,0.46,Normal
17.28,4.49,52.74,78,0.78,Normal
15.76,5.93,57.76,1,0.66,Normal
24.4,5.61,61.0,70,0.34,Normal
19.32,5.29,52.68,31,0.42,Normal
20.2,4.89,52.94,3,0.4,Normal
17.62,4.52,64.4,19,1.26,Rotor Bar Damage
18.37,4.81,45.65,35,0.56,Normal
20.33,5.54,53.06,31,0.56,Normal
16.55,5.94,55.95,27,0.34,Normal
21.13,5.77,57.25,76,0.44,Normal
18.2,4.76,52.45,0,0.49,Normal
19.12,4.44,55.17,59,0.32,Normal
18.19,5.07,42.56,55,0.41,Normal
25.56,4.12,51.71,34,0.64,Normal
19.96,5.16,57.27,29,0.34,Normal
16.83,4.93,50.09,53,0.65,Normal
22.47,4.77,55.29,35,0.61,Normal
16.34,4.2,57.23,54,0.47,Normal
20.63,5.26,53.29,88,0.44,Normal
14.12,4.73,55.85,79,0.58,Normal
16.02,4.42,50.19,57,0.42,Normal
20.59,3.56,53.97,82,0.43,Normal
22.22,4.99,58.05,64,0.5,Normal
20.51,5.89,55.78,68,0.29,Normal
19.65,5.83,52.07,50,0.36,Normal
28.86,4.77,56.12,93,1.24,Overload
16.72,4.7,63.21,87,1.02,Rotor Bar Damage
17.84,5.23,44.75,100,0.42,Normal
22.61,4.5,76.34,52,2.82,Bearing Fault
23.17,5.15,53.32,99,0.34,Normal
22.91,5.38,66.18,35,2.06,Misalignment/Imbalance
24.7,5.61,60.99,91,1.04,Overload
23.22,4.95,56.11,35,1.43,Misalignment/Imbalance
18.84,4.9,51.45,51,0.55,Normal
17.97,4.56,53.56,52,0.51,Normal
21.84,4.59,51.08,81,0.45,Normal
23.09,4.89,63.67,49,0.61,Normal
22.79,5.18,50.72,79,0.52,Normal
17.48,5.46,52.22,40,0.48,Normal
19.07,4.6,56.02,17,0.5,Normal
20.99,5.75,48.99,21,0.5,Normal
22.93,4.86,53.02,65,0.48,Normal
18.56,4.99,56.59,20,0.54,Normal
19.44,4.63,53.34,99,0.41,Normal
16.68,3.79,54.53,43,0.41,Normal
20.99,5.44,62.47,46,2.5,Bearing Fault
26.19,5.37,58.06,38,3.36,Bearing Fault
24.07,4.86,56.61,28,0.6,Normal
19.78,5.03,63.77,53,0.54,Normal
23.01,5.26,55.09,89,0.44,Normal
21.08,4.22,56.13,84,0.56,Normal
18.06,4.74,58.46,16,0.62,Normal
21.08,5.4,48.65,79,0.54,Normal
24.61,4.37,63.51,59,0.57,Normal
19.89,5.15,56.01,30,0.48,Normal
24.69,4.32,63.16,72,0.6,Normal
12.14,5.23,51.33,94,0.44,Normal
24.1,4.98,67.61,77,1.12,Rotor Bar Damage
20.26,4.19,58.88,48,0.76,Normal
19.1,5.58,57.77,100,0.55,Normal
20.28,4.63,56.17,1,0.46,Normal
19.13,3.34,53.76,47,0.92,Winding Short
19.34,5.1,61.0,13,0.49,Normal
21.07,5.57,55.7,58,0.59,Normal
24.43,4.49,45.16,96,0.51,Normal
18.45,5.03,49.41,98,0.44,Normal
17.57,5.21,54.07,57,0.43,Normal
18.49,5.35,56.55,57,0.52,Normal
22.75,5.09,54.72,50,0.5,Normal
20.99,4.82,61.09,83,0.55,Normal
20.07,4.59,48.52,1,0.95,Rotor Bar Damage
21.54,5.04,55.72,40,0.77,Normal
20.29,4.46,45.91,82,0.35,Normal
22.91,3.54,58.8,100,0.57,Normal
17.89,5.22,54.53,81,0.51,Normal
19.02,5.45,57.1,15,0.32,Normal
18.82,3.82,50.68,3,0.62,Normal
25.31,4.5,61.4,92,1.25,Overload
20.89,5.31,60.21,28,0.58,Normal
27.33,4.52,57.92,6,0.49,Winding Short
28.51,5.01,54.35,92,1.28,Overload
21.17,4.64,63.77,11,1.86,Misalignment/Imbalance
15.75,4.91,51.47,98,0.72,Normal
20.07,5.69,61.91,4,1.11,Rotor Bar Damage
23.31,4.68,78.48,80,3.28,Bearing Fault
20.3,4.6,69.31,31,1.24,Misalignment/Imbalance
19.52,4.76,51.35,73,0.52,Normal
23.09,4.52,63.12,42,1.8,Misalignment/Imbalance
25.66,5.06,48.53,80,0.33,Normal
20.52,5.81,57.86,68,0.41,Normal
32.67,5.16,57.25,98,1.03,Overload
19.78,4.87,45.65,8,0.59,Normal
14.24,4.85,49.19,48,0.46,Normal
19.92,4.22,53.58,32,0.47,Normal
20.18,5.44,53.5,99,0.52,Normal
29.54,4.96,56.21,99,1.22,Misalignment/Imbalance
28.16,4.91,56.94,92,1.19,Overload
20.9,6.6,56.26,8,0.64,Normal
25.32,3.43,54.03,61,0.92,Winding Short
16.49,4.62,51.22,56,0.52,Normal
33.46,4.79,60.24,90,1.1,Overload
22.26,5.57,63.28,77,0.63,Normal
22.37,5.06,52.58,24,0.52,Normal
17.27,4.28,51.94,14,0.46,Normal
34.42,5.46,57.46,97,1.42,Overload
15.79,4.67,53.21,41,0.64,Normal
21.76,5.94,54.3,28,0.51,Normal
29.82,5.54,70.73,78,2.54,Bearing Fault
17.03,4.78,45.45,92,0.51,Normal
18.3,5.64,61.59,3,0.57,Normal
20.3,5.03,55.36,81,0.55,Normal
18.49,5.43,52.94,56,0.56,Normal
15.35,5.24,54.55,48,0.42,Normal
20.21,4.58,54.81,43,0.58,Normal
16.81,4.68,46.34,79,0.5,Normal
21.42,5.51,62.47,74,0.43,Normal
25.22,3.71,55.21,13,0.71,Winding Short
24.65,4.8,57.22,2,0.45,Normal
17.65,4.52,59.76,61,0.34,Normal
19.03,5.21,49.89,63,0.4,Normal
22.44,6.03,57.37,44,0.48,Normal
16.31,4.47,53.66,81,0.56,Normal
20.68,5.01,59.23,57,0.41,Normal
23.92,5.71,44.36,19,0.48,Normal
15.18,4.96,54.5,57,0.38,Normal
20.55,5.23,51.99,88,0.6,Normal
20.78,4.47,57.16,56,0.67,Normal
22.35,5.21,57.35,76,0.66,Normal
20.3,4.91,67.3,67,3.48,Bearing Fault
20.19,5.49,69.98,77,2.45,Bearing Fault
21.57,5.59,54.45,96,0.29,Normal
25.36,6.29,69.85,91,3.0,Bearing Fault
20.75,5.29,59.21,51,0.45,Normal
25.88,5.16,67.86,36,2.13,Bearing Fault
17.96,5.1,40.47,7,0.25,Normal
20.7,4.82,53.13,43,0.52,Normal
29.74,5.17,49.81,92,1.28,Overload
27.67,4.85,46.84,100,1.52,Overload
25.6,5.08,48.81,68,0.65,Normal
21.42,5.66,55.55,30,0.41,Normal
20.82,4.5,75.82,44,2.76,Bearing Fault
21.97,5.57,56.57,8,0.52,Normal
17.08,5.66,51.97,31,0.67,Normal
22.36,4.94,57.28,32,0.51,Normal
34.16,3.94,52.7,94,1.33,Overload
17.54,4.7,51.53,29,0.44,Normal
25.58,5.65,58.8,75,1.44,Misalignment/Imbalance
21.24,4.99,46.24,28,0.52,Normal
22.47,4.5,53.05,2,0.43,Normal
25.69,4.75,55.79,89,0.44,Normal
19.26,5.42,54.52,56,0.4,Normal
17.74,5.27,52.92,29,0.61,Normal
17.33,4.88,50.27,8,0.42,Normal
20.67,4.82,72.33,25,2.55,Bearing Fault
21.86,4.8,54.29,1,1.84,Misalignment/Imbalance
21.02,4.54,58.88,61,0.34,Normal
20.83,5.81,49.99,2,0.41,Normal
22.48,4.84,51.24,45,0.62,Normal
27.87,4.08,47.67,67,0.61,Winding Short
26.37,5.76,57.6,24,1.46,Misalignment/Imbalance
19.21,5.5,59.88,50,0.37,Normal
28.16,4.78,57.58,12,0.49,Normal
21.88,5.2,59.89,43,0.69,Normal
26.02,4.99,57.61,91,1.35,Overload
16.79,4.55,49.48,54,0.51,Normal
21.45,5.16,53.35,86,0.42,Normal
20.41,4.41,54.55,8,1.0,Rotor Bar Damage
22.14,5.59,61.65,1,0.62,Normal
21.42,4.77,49.02,60,0.51,Normal
19.78,5.1,59.47,40,0.71,Normal
17.46,5.14,59.46,43,0.63,Normal
19.69,4.87,82.43,63,2.23,Bearing Fault
18.66,5.29,52.95,30,0.49,Normal
22.57,4.76,58.56,46,0.66,Normal
22.33,5.44,76.31,1,1.59,Misalignment/Imbalance
17.43,4.33,55.91,95,1.18,Rotor Bar Damage
20.52,5.06,47.32,81,0.7,Normal
28.84,4.58,45.6,76,0.7,Winding Short
17.35,4.5,58.56,68,0.54,Normal
20.46,4.66,45.58,57,0.6,Normal
20.17,5.26,53.14,43,0.58,Normal
16.57,5.09,57.19,73,0.58,Normal
21.07,5.18,55.93,55,0.37,Normal
21.68,5.24,57.13,42,0.42,Normal
23.25,5.32,56.11,88,0.45,Normal
23.16,5.55,61.39,33,0.62,Normal
17.44,5.2,53.06,100,1.01,Rotor Bar Damage
21.32,4.88,65.01,29,2.64,Bearing Fault
21.55,5.34,51.14,70,0.58,Normal
21.54,5.95,59.15,69,0.62,Normal
21.55,4.93,59.5,54,0.41,Normal
31.56,4.51,57.26,66,0.51,Normal
21.71,5.55,60.92,12,0.53,Normal
23.41,4.94,49.11,2,0.53,Normal
22.86,3.91,63.34,25,0.53,Normal
26.07,5.42,79.23,56,2.86,Bearing Fault
19.05,4.73,58.68,23,0.51,Normal
22.28,4.95,63.91,52,0.6,Normal
23.03,3.57,46.72,69,0.59,Winding Short
25.58,3.54,52.38,42,0.89,Winding Short
18.54,5.35,51.32,59,0.6,Normal
20.25,4.78,58.61,57,0.4,Normal
26.94,5.26,49.75,48,0.54,Normal
14.4,4.87,58.79,41,0.59,Normal
22.06,5.37,61.85,75,0.38,Normal
15.16,5.31,58.48,99,0.5,Normal
18.58,4.53,56.42,65,0.49,Normal
27.66,5.54,63.82,10,3.35,Bearing Fault
20.19,4.73,50.77,97,0.51,Normal
16.77,5.4,61.25,89,0.44,Normal
17.85,5.18,58.9,17,0.64,Normal
23.38,5.92,58.23,84,0.86,Rotor Bar Damage
17.81,4.89,52.91,99,0.58,Normal
23.62,4.83,50.41,51,1.79,Misalignment/Imbalance
20.14,4.99,49.65,45,0.48,Normal
18.05,4.85,64.56,43,0.5,Normal
26.43,5.4,48.6,21,0.48,Normal
21.9,4.19,55.95,52,0.46,Normal
13.92,4.47,60.04,58,0.43,Normal
20.56,4.47,48.73,93,0.58,Normal
18.01,5.48,55.92,29,0.6,Normal
22.56,5.86,59.69,7,0.49,Normal
17.62,4.95,55.06,97,0.39,Normal
19.66,4.92,69.34,56,0.68,Normal
21.51,5.04,46.66,72,0.41,Normal
22.6,5.58,60.29,19,0.35,Normal
21.56,3.28,54.14,24,0.43,Winding Short
30.25,5.12,58.86,92,1.34,Overload
18.58,5.49,57.21,4,0.48,Normal
18.04,5.25,51.33,74,0.6,Normal
25.3,5.09,56.14,78,0.56,Normal
21.21,5.5,45.71,71,0.53,Normal
16.22,3.65,58.02,82,0.47,Normal
22.75,5.34,56.49,86,0.61,Normal
26.37,4.67,58.19,26,0.69,Normal
35.09,4.08,60.29,96,1.28,Overload
15.44,5.26,56.84,95,0.45,Normal
18.55,5.69,55.74,25,0.58,Normal
23.8,4.93,50.59,26,0.46,Normal
17.88,5.48,51.44,61,0.39,Normal
21.33,5.81,60.93,82,0.41,Normal
33.71,5.66,62.18,99,1.46,Overload
26.94,5.82,53.81,91,1.14,Overload
19.82,5.37,55.23,28,0.71,Normal
14.07,5.04,66.19,38,3.34,Bearing Fault
16.93,4.2,60.86,59,0.63,Normal
19.24,4.88,58.33,40,0.47,Normal
16.26,4.58,64.71,32,0.3,Normal
28.53,6.09,66.36,82,3.38,Bearing Fault
15.71,4.91,53.11,100,0.62,Normal
19.9,5.06,58.76,82,1.2,Rotor Bar Damage
20.39,5.28,58.23,96,0.54,Normal
24.32,5.02,53.92,15,0.63,Normal
15.69,5.85,50.64,22,0.4,Normal
23.49,4.69,59.41,6,0.39,Normal
20.03,5.1,58.61,25,0.27,Normal
17.06,4.63,50.42,95,0.59,Normal
21.39,4.34,61.78,11,0.56,Normal
23.86,4.69,79.72,71,3.2,Bearing Fault
18.2,4.98,55.67,4,0.38,Normal
20.21,4.79,55.4,91,0.34,Normal
18.84,4.65,57.77,68,0.37,Normal
20.34,4.3,50.69,48,0.41,Normal
21.99,4.96,55.15,25,0.66,Normal
24.76,4.25,44.24,4,0.6,Normal
16.29,5.38,59.38,21,0.45,Normal
27.74,5.04,50.6,78,0.96,Rotor Bar Damage
14.14,4.27,62.52,12,0.43,Normal
19.54,4.85,53.35,27,0.54,Normal
31.36,4.62,53.94,94,1.29,Overload
24.6,5.16,62.21,22,2.23,Bearing Fault
18.13,5.67,53.56,96,0.42,Normal
19.38,4.06,62.09,17,0.58,Normal
28.33,5.06,42.56,98,1.0,Overload
18.23,4.92,61.38,25,0.42,Normal
22.55,5.34,56.69,15,0.66,Normal
21.07,5.11,48.96,76,0.52,Normal
17.92,4.62,49.62,38,0.47,Normal
22.7,4.84,63.38,32,0.58,Normal
20.92,4.6,50.27,25,0.37,Normal
31.6,5.54,49.23,90,1.51,Overload
21.89,5.01,60.69,64,0.49,Normal
17.51,5.95,56.69,37,0.56,Normal
18.32,4.97,50.31,1,0.35,Normal
22.24,4.65,56.08,5,0.46,Normal
21.83,4.24,49.87,45,0.5,Normal
20.98,4.1,64.38,49,1.13,Rotor Bar Damage
20.35,4.21,60.31,37,0.57,Normal
23.83,5.13,57.66,87,0.46,Normal
18.23,5.25,56.81,17,0.53,Normal
21.64,4.21,63.81,26,0.63,Normal
19.39,5.45,55.0,40,0.48,Normal
19.35,4.76,49.09,71,0.47,Normal
23.3,5.07,57.25,91,0.31,Normal
22.48,5.81,65.43,73,0.47,Normal
22.44,5.45,49.93,16,0.33,Normal
23.92,4.87,53.19,61,0.49,Normal
20.06,4.55,57.08,28,0.6,Normal
22.05,3.92,54.73,57,0.29,Normal
19.07,4.64,50.09,69,0.62,Normal
22.51,4.89,64.68,77,1.04,Rotor Bar Damage
19.61,4.51,66.6,21,0.5,Normal
20.29,4.93,55.98,5,0.45,Normal
21.79,5.04,50.48,25,0.33,Normal
17.55,4.89,47.26,38,0.42,Normal
26.28,4.67,56.29,11,0.71,Normal
16.98,5.08,60.52,98,0.39,Normal
16.36,5.22,57.38,13,0.34,Normal
23.47,4.45,54.99,21,0.51,Normal
22.37,5.71,52.05,50,0.49,Normal
25.21,4.95,65.87,22,2.6,Bearing Fault
21.89,5.01,59.17,47,0.5,Normal
27.47,3.57,59.57,70,0.74,Winding Short
17.31,5.12,47.27,49,0.44,Normal
20.23,5.48,62.95,88,0.52,Normal
17.97,5.14,57.87,12,0.6,Normal
22.93,4.69,62.0,84,0.4,Normal
19.56,5.18,48.29,9,0.27,Normal
18.84,4.43,50.89,54,1.09,Rotor Bar Damage
30.77,5.05,54.26,97,1.36,Overload
21.24,4.98,57.51,78,0.5,Normal
18.31,4.9,63.98,51,0.52,Normal
17.53,4.94,58.53,1,0.47,Normal
20.73,4.06,53.79,24,0.66,Normal
29.8,4.73,49.87,94,1.01,Overload
18.48,5.05,61.15,97,0.48,Normal
18.59,5.08,50.18,50,0.59,Normal
20.7,4.49,63.14,57,0.45,Normal
15.66,5.63,53.58,33,0.37,Normal
15.78,4.57,62.95,34,0.59,Normal
17.84,5.48,58.39,2,0.44,Normal
22.46,5.21,66.23,58,2.15,Bearing Fault
23.44,4.68,59.7,69,2.2,Misalignment/Imbalance
25.74,5.89,58.25,47,1.11,Rotor Bar Damage
22.57,4.4,57.14,63,0.55,Normal
19.52,5.46,55.39,18,0.5,Normal
19.94,5.5,52.03,66,0.41,Normal
16.99,4.66,54.17,81,0.57,Normal
21.77,5.7,59.01,72,0.89,Rotor Bar Damage
19.13,4.87,44.36,75,0.43,Normal
20.97,5.14,57.29,4,0.54,Normal
17.52,5.13,50.1,66,0.45,Normal
33.06,4.93,49.23,92,1.09,Overload
27.15,5.41,56.2,93,1.44,Misalignment/Imbalance
21.23,5.4,50.42,67,0.83,Rotor Bar Damage
21.21,4.13,48.22,68,0.46,Normal
22.07,5.65,51.45,0,0.65,Normal
18.8,4.17,64.77,90,0.5,Normal
20.67,5.52,52.37,91,0.42,Normal
21.83,5.56,59.79,62,1.03,Rotor Bar Damage
20.29,4.45,57.0,28,0.37,Normal
17.68,4.79,55.66,81,0.49,Normal
20.07,4.45,54.61,11,0.53,Normal
21.49,4.89,49.02,76,0.52,Normal
24.35,4.85,62.25,40,0.63,Normal
22.88,5.39,64.04,1,0.76,Normal
26.46,5.66,46.59,36,0.57,Normal
17.7,5.7,49.88,44,0.62,Normal
31.01,4.72,53.6,93,1.72,Overload
20.55,4.9,50.18,47,0.4,Normal
26.57,4.16,57.53,23,0.51,Normal
17.58,4.6,51.36,98,0.45,Normal
20.68,5.48,80.79,21,3.12,Bearing Fault
18.2,5.81,60.95,99,0.53,Normal
13.63,4.38,56.06,10,0.42,Normal
18.42,4.7,60.13,57,0.5,Normal
17.72,4.99,60.53,45,0.6,Normal
20.45,5.14,52.18,28,0.37,Normal
21.03,4.6,50.92,34,0.42,Normal
25.63,5.21,55.39,14,0.41,Normal
22.85,4.76,59.31,59,0.53,Normal
20.23,4.99,60.91,94,1.87,Misalignment/Imbalance
18.61,5.27,51.43,41,0.73,Rotor Bar Damage
22.64,5.0,55.31,42,0.86,Rotor Bar Damage
16.04,4.78,54.63,79,0.41,Normal
25.49,4.95,54.62,73,0.6,Normal
23.54,4.96,64.86,48,0.48,Normal
18.59,4.81,48.07,63,0.51,Normal
14.86,4.87,57.53,31,0.5,Normal
27.65,5.8,75.25,63,2.33,Bearing Fault
19.66,5.28,66.36,1,0.7,Normal
23.71,4.85,52.98,23,0.39,Normal
15.22,5.35,57.46,86,0.4,Normal
18.2,4.83,57.85,65,0.53,Normal
20.02,5.59,55.98,37,0.42,Normal
20.14,5.18,54.51,30,0.59,Normal
18.65,4.95,57.18,25,0.61,Normal
21.87,5.22,42.34,28,0.45,Normal
16.8,4.21,58.41,66,0.42,Normal
22.73,4.44,69.81,77,3.39,Bearing Fault
20.36,4.4,53.89,24,0.51,Normal
29.08,3.34,65.23,47,0.88,Winding Short
22.13,5.87,51.63,64,0.27,Normal
16.63,6.12,52.98,52,0.4,Normal
16.91,5.32,68.6,66,0.97,Rotor Bar Damage
23.83,5.25,50.84,89,0.42,Normal
21.0,4.1,52.25,17,0.21,Normal
17.75,4.73,54.26,8,0.31,Normal
24.65,4.61,59.2,37,0.37,Normal
20.35,4.69,56.04,86,0.49,Normal
23.54,4.92,48.54,20,0.46,Normal
26.0,3.27,52.34,64,0.88,Winding Short
26.18,4.01,51.96,20,0.58,Normal
25.27,5.37,54.61,26,0.58,Normal
28.26,4.46,57.13,95,1.1,Overload
22.91,5.12,57.09,43,0.51,Normal
21.94,6.04,46.12,99,0.41,Normal
24.11,4.54,60.32,27,0.43,Normal
17.11,3.73,56.26,44,0.33,Normal
22.06,4.86,61.92,16,0.47,Normal
23.18,5.55,57.22,39,0.58,Normal
22.14,4.61,60.51,2,0.99,Winding Short
16.45,4.39,57.33,75,0.48,Normal
15.77,5.25,65.58,75,1.02,Rotor Bar Damage
22.11,4.77,66.39,65,1.16,Misalignment/Imbalance
22.15,4.95,54.51,45,0.46,Normal
24.51,6.32,66.36,85,0.45,Normal
20.22,4.25,59.45,86,0.65,Normal
24.89,5.13,57.87,29,0.54,Normal
15.86,5.23,48.62,68,0.55,Normal
14.89,5.54,48.56,8,0.54,Normal
19.83,5.05,56.46,84,0.5,Normal
22.78,5.15,60.66,10,1.08,Rotor Bar Damage
19.9,4.8,51.93,68,0.27,Normal
13.8,5.13,55.7,98,0.51,Normal
19.73,4.83,62.94,90,0.61,Normal
16.09,5.31,58.48,65,0.31,Normal
22.01,4.82,49.29,87,0.58,Normal
29.1,3.44,54.44,30,0.87,Winding Short
17.18,4.99,50.98,32,0.51,Normal
18.46,5.56,53.06,38,0.42,Normal
26.21,4.97,52.93,96,1.2,Overload
27.18,2.28,52.61,45,0.64,Winding Short
22.87,5.63,48.72,36,0.58,Normal
17.04,4.55,54.36,91,0.54,Normal
21.51,4.67,52.2,59,0.42,Normal
18.41,4.7,40.35,30,0.55,Normal
17.62,5.69,65.26,10,0.43,Normal
21.61,3.93,67.97,86,1.68,Misalignment/Imbalance
16.89,6.57,53.12,1,0.47,Normal
18.34,5.53,55.09,26,0.59,Normal
16.41,5.11,49.14,98,0.55,Normal
25.89,4.97,63.48,1,0.5,Normal
21.68,5.14,73.85,100,1.28,Misalignment/Imbalance
19.6,5.26,59.01,20,1.02,Rotor Bar Damage
20.64,5.32,60.12,57,0.51,Normal
23.26,5.28,71.66,4,2.5,Bearing Fault
19.34,5.04,48.32,51,0.31,Normal
21.84,4.9,52.94,44,0.37,Normal
22.27,4.92,55.66,84,0.66,Normal
18.41,4.9,52.73,92,0.43,Normal
18.27,5.57,53.91,19,0.61,Normal
19.17,5.3,54.54,60,0.46,Normal
13.09,3.53,54.6,37,0.62,Normal
15.45,5.33,55.26,19,0.62,Normal
25.83,5.1,52.83,24,0.72,Rotor Bar Damage
28.86,4.99,66.3,1,1.84,Bearing Fault
19.25,4.81,48.58,31,0.31,Normal
21.73,5.56,59.89,25,0.42,Normal
20.93,5.47,44.47,69,0.69,Normal
29.24,4.61,60.77,40,0.46,Normal
25.47,5.2,68.09,66,1.69,Misalignment/Imbalance
21.88,4.51,59.28,96,1.9,Misalignment/Imbalance
17.13,4.31,41.98,0,0.51,Normal
25.05,4.69,53.19,92,1.39,Overload
31.95,5.43,54.68,96,1.52,Overload
17.73,5.48,49.95,12,0.53,Normal
15.73,5.26,52.42,18,0.49,Normal
18.06,5.36,62.65,11,0.43,Normal
16.76,5.26,58.32,47,0.51,Normal
25.06,4.68,50.38,24,0.61,Normal
22.64,5.22,47.01,56,0.68,Normal
19.98,5.4,53.36,34,0.53,Normal
24.44,5.38,53.93,75,0.58,Normal
20.23,5.59,57.48,93,0.53,Normal
17.42,5.35,52.32,4,0.49,Normal
27.12,5.18,64.01,97,1.56,Misalignment/Imbalance
21.62,5.54,64.68,21,0.62,Normal
16.89,4.99,59.08,76,0.41,Normal
20.43,4.56,58.91,56,0.72,Rotor Bar Damage
26.32,4.92,54.08,96,1.43,Overload
20.05,4.63,68.84,53,2.22,Bearing Fault
25.47,4.66,70.34,2,1.59,Misalignment/Imbalance
25.73,4.93,51.86,52,0.4,Normal
15.8,4.6,55.23,83,0.25,Normal
28.71,3.02,55.26,30,0.67,Winding Short
18.05,4.05,52.49,68,0.48,Normal
25.52,3.66,48.14,87,0.66,Winding Short
18.22,5.0,56.61,32,0.42,Normal
17.41,4.59,54.69,71,0.59,Normal
20.15,5.33,57.5,87,0.51,Normal
17.51,5.47,52.33,49,0.53,Normal
20.81,4.2,61.1,83,0.46,Normal
19.85,4.62,50.62,15,0.42,Normal
19.28,4.62,63.56,75,0.46,Normal
17.28,4.53,46.26,76,0.55,Normal
26.94,5.41,57.17,95,1.15,Overload
22.27,4.9,57.38,88,0.67,Normal
21.5,4.87,51.02,45,0.56,Normal
23.19,2.31,57.12,95,0.81,Winding Short
21.81,5.32,70.16,87,1.46,Misalignment/Imbalance
27.26,2.95,43.92,46,0.92,Winding Short
14.99,5.03,57.51,43,0.47,Normal
21.63,5.14,42.53,8,0.48,Normal
18.01,5.68,50.17,86,0.65,Normal
24.46,4.35,71.01,49,1.92,Misalignment/Imbalance
18.78,3.49,55.49,76,1.05,Rotor Bar Damage
22.44,3.11,49.13,59,0.7,Winding Short
15.12,5.9,54.01,95,0.45,Normal
21.68,5.62,70.54,14,1.81,Misalignment/Imbalance
28.65,3.96,45.84,35,0.62,Winding Short
17.29,4.75,49.74,62,0.48,Normal
23.16,5.4,66.41,68,0.94,Rotor Bar Damage
16.27,4.51,67.76,85,1.09,Rotor Bar Damage
19.8,5.24,54.48,79,0.61,Normal
16.37,5.25,48.8,40,0.57,Normal
18.04,5.53,65.48,73,0.7,Normal
20.14,6.38,62.97,23,0.58,Normal
17.42,5.2,58.39,81,0.4,Normal
20.88,4.75,59.59,48,2.03,Misalignment/Imbalance
24.86,4.99,60.88,17,1.41,Misalignment/Imbalance
18.27,4.12,54.2,6,0.6,Normal
22.51,4.65,56.65,3,0.42,Normal
16.61,4.8,62.26,89,0.41,Normal
26.8,3.53,59.4,68,0.6,Winding Short
24.32,5.08,49.61,59,0.66,Normal
14.15,4.59,68.85,54,1.65,Misalignment/Imbalance
17.61,5.56,56.57,15,0.42,Normal
21.73,5.0,58.44,98,0.51,Normal
26.5,3.66,62.33,89,0.71,Winding Short
21.11,4.84,49.44,81,0.4,Normal
19.83,5.08,57.65,28,1.01,Rotor Bar Damage
20.26,5.41,52.34,22,0.52,Normal
19.53,4.57,47.16,13,0.69,Normal
23.5,4.67,56.73,78,0.43,Normal
20.76,4.85,67.56,48,0.33,Normal
22.67,4.33,49.93,32,0.7,Rotor Bar Damage
18.76,4.59,54.84,24,0.41,Normal
18.54,4.76,58.2,20,0.46,Normal
18.7,5.44,55.62,16,0.4,Normal
21.18,5.13,54.43,22,0.58,Normal
18.74,5.1,48.5,56,0.39,Normal
22.68,5.43,64.6,80,1.55,Misalignment/Imbalance
26.23,4.93,51.22,57,0.7,Normal
24.49,5.2,49.83,13,2.02,Misalignment/Imbalance
19.02,4.95,60.97,92,0.55,Normal
23.6,5.13,59.79,19,0.69,Normal
22.08,4.71,69.47,29,2.23,Bearing Fault
13.89,3.78,56.15,18,0.56,Normal
16.98,4.93,60.37,52,0.47,Normal
14.39,5.71,56.12,55,0.5,Normal
18.95,5.46,59.52,76,0.49,Normal
20.06,5.48,53.51,81,0.46,Normal
26.76,5.62,65.68,22,0.88,Rotor Bar Damage
20.98,5.04,56.6,61,0.54,Normal
24.51,3.91,55.97,32,0.84,Winding Short
22.49,4.69,48.65,17,0.66,Normal
13.37,4.84,56.43,72,0.54,Normal
22.2,5.31,53.92,32,1.1,Rotor Bar Damage
25.8,5.6,63.33,31,3.31,Bearing Fault
15.56,4.93,50.92,60,0.59,Normal
23.43,4.77,49.67,53,0.35,Normal
21.02,5.0,65.62,16,0.49,Normal
18.75,5.3,61.66,18,0.38,Normal
21.9,4.28,64.6,90,0.77,Normal
26.81,3.85,48.89,69,0.51,Normal
20.55,4.72,55.36,98,0.38,Normal
23.63,4.39,55.65,100,1.86,Misalignment/Imbalance
18.62,4.75,51.52,33,0.45,Normal
17.45,4.93,50.41,83,0.48,Normal
22.49,4.77,61.2,24,0.49,Normal
17.43,5.73,53.02,67,0.42,Normal
20.21,5.16,60.34,73,0.52,Normal
18.57,5.15,58.02,73,0.28,Normal
23.43,5.31,71.39,87,1.25,Rotor Bar Damage
21.0,4.43,47.6,84,0.39,Normal
23.11,5.52,61.3,10,0.46,Normal
18.47,4.96,60.73,90,0.58,Normal
19.19,5.34,50.13,15,0.48,Normal
17.06,4.46,60.04,89,0.48,Normal
18.67,4.22,56.68,60,0.4,Normal
21.13,5.41,53.86,93,0.71,Normal
22.27,5.19,50.88,79,0.55,Normal
17.23,4.55,51.4,6,0.39,Normal
25.11,4.57,70.72,15,1.67,Misalignment/Imbalance
26.19,5.56,64.17,98,1.88,Misalignment/Imbalance
21.24,4.41,58.91,15,0.67,Normal
25.63,5.82,51.05,39,0.52,Normal
17.68,4.55,51.1,11,0.4,Normal
16.27,5.32,60.41,34,0.57,Normal
14.66,4.84,48.25,20,0.47,Normal
24.49,5.3,52.92,49,0.37,Normal
21.96,4.73,55.17,42,0.54,Normal
19.83,4.92,55.56,99,0.54,Normal
20.84,5.02,54.1,16,0.61,Normal
16.62,4.5,56.98,31,0.51,Normal
27.34,5.37,58.46,40,0.51,Normal
20.39,4.74,58.67,5,0.52,Normal
20.33,4.89,50.07,87,0.66,Normal
22.18,4.5,53.58,26,0.47,Normal
21.44,3.72,60.97,19,0.55,Normal
20.67,4.9,59.47,24,0.56,Normal
25.85,6.21,48.14,100,1.32,Overload
21.41,5.39,56.76,8,0.47,Normal
25.65,4.99,45.11,91,0.51,Normal
24.04,4.87,55.23,52,0.49,Normal
24.78,5.01,64.49,60,0.7,Normal
18.47,5.27,50.26,37,0.45,Normal
17.03,4.41,50.83,2,0.41,Normal
19.62,5.56,58.82,83,0.5,Normal
30.22,5.36,47.29,100,1.25,Overload
23.28,5.36,51.84,96,0.52,Normal
14.92,5.22,57.98,54,0.45,Normal
28.21,5.01,70.03,0,2.84,Bearing Fault
19.53,5.34,53.82,100,0.51,Normal
18.72,5.3,58.72,69,0.59,Normal
16.96,4.82,57.11,44,0.51,Normal
15.04,4.71,56.33,97,0.51,Normal
22.47,5.05,53.3,46,0.55,Normal
20.22,5.77,56.85,78,0.59,Normal
16.13,4.38,54.38,25,0.4,Normal
16.11,4.27,57.29,13,0.37,Normal
18.99,5.08,52.52,53,0.67,Normal
25.01,5.03,54.09,70,0.57,Normal
19.22,5.09,50.05,45,0.48,Normal
17.23,5.12,58.42,30,1.13,Rotor Bar Damage
19.26,4.89,50.94,87,0.46,Normal
20.9,5.74,53.83,58,0.96,Rotor Bar Damage
13.41,4.2,63.55,94,1.45,Misalignment/Imbalance
19.84,4.59,56.06,28,0.58,Normal
22.1,4.95,65.2,95,1.48,Misalignment/Imbalance
22.09,4.18,52.84,16,0.52,Normal
25.55,4.91,57.04,13,0.41,Normal
24.65,5.83,60.26,35,1.14,Rotor Bar Damage
19.19,5.01,57.22,57,0.41,Normal
16.68,5.12,50.87,23,0.43,Normal
27.72,4.37,55.75,62,0.51,Normal
20.18,4.69,56.82,90,0.75,Normal
31.91,4.81,55.04,97,1.29,Overload
19.93,4.84,44.57,58,0.24,Normal
30.42,5.64,55.8,100,1.31,Overload
19.57,5.28,66.06,81,0.57,Normal
18.28,4.44,53.2,17,0.39,Normal
18.36,5.12,51.36,36,0.58,Normal
19.9,5.25,56.87,25,0.52,Normal
18.37,5.57,56.56,8,0.6,Normal
21.49,5.79,77.34,98,1.96,Bearing Fault
25.02,4.49,65.55,63,2.33,Bearing Fault
19.24,4.59,58.66,71,0.56,Normal
24.51,4.37,57.95,19,0.5,Normal
12.05,4.88,54.29,53,0.49,Normal
28.14,5.23,70.15,85,2.32,Bearing Fault
23.74,5.49,60.15,82,0.56,Normal
13.78,4.96,59.36,29,0.3,Normal
20.24,4.84,52.01,52,1.28,Rotor Bar Damage
21.25,5.08,68.73,91,1.47,Misalignment/Imbalance
15.78,4.58,54.68,98,0.62,Normal
17.67,6.04,55.36,62,0.41,Normal
16.67,4.2,55.37,10,0.53,Normal
26.89,5.09,58.53,30,1.21,Rotor Bar Damage
25.46,6.01,67.65,48,1.33,Misalignment/Imbalance
23.81,5.0,54.58,99,0.59,Normal
22.17,4.9,49.4,93,0.48,Normal
16.61,4.82,53.03,86,0.62,Normal
18.43,4.91,55.89,18,0.43,Normal
21.47,5.69,61.15,11,0.35,Normal
16.33,3.89,58.02,14,0.48,Normal
22.14,5.77,50.75,30,0.52,Normal
19.28,4.29,67.43,42,0.45,Normal
18.88,4.87,56.32,100,0.19,Normal
22.13,4.79,61.38,36,0.54,Normal
21.33,5.29,54.24,78,0.54,Normal
18.92,4.2,57.67,28,0.57,Normal
23.48,5.23,59.2,25,0.46,Normal
22.39,4.51,61.09,1,0.56,Winding Short
21.85,4.32,60.29,83,0.64,Normal
21.78,5.09,59.36,14,0.34,Normal
22.6,4.67,68.56,3,2.84,Bearing Fault
20.98,5.21,52.14,85,0.51,Normal
16.25,5.01,56.66,49,0.56,Normal
22.77,4.68,59.67,37,0.52,Normal
19.45,5.24,53.89,22,0.41,Normal
18.43,5.9,60.33,58,0.62,Normal
24.28,4.9,66.29,89,1.02,Rotor Bar Damage
17.89,5.36,50.42,74,0.33,Normal
15.77,4.35,50.82,27,0.52,Normal
15.33,4.52,54.3,65,0.55,Normal
21.82,5.24,56.54,7,0.7,Normal
16.16,5.74,52.38,28,0.54,Normal
36.58,5.18,61.76,97,0.89,Overload
13.75,4.84,57.12,100,0.36,Normal
25.09,5.0,55.2,17,0.63,Normal
20.63,4.37,47.82,54,0.42,Normal
23.71,5.3,61.17,49,2.82,Bearing Fault
18.37,5.44,56.41,13,0.6,Normal
21.2,4.77,44.34,73,0.45,Normal
19.89,4.76,60.06,98,0.59,Normal
23.31,5.13,54.21,8,0.41,Normal
20.34,4.78,71.22,98,0.65,Normal
20.45,4.97,66.54,10,0.59,Normal
18.91,6.05,54.09,62,0.43,Normal
19.83,4.88,54.47,75,0.33,Normal
20.92,4.82,59.98,66,0.73,Normal
18.37,4.68,80.7,52,2.88,Bearing Fault
15.96,5.37,46.81,38,0.42,Normal
27.7,3.12,46.07,77,0.88,Winding Short
32.5,4.68,51.89,99,1.3,Overload
19.45,5.66,57.91,27,0.62,Normal
20.06,5.71,57.48,74,0.49,Normal
21.04,4.7,60.35,38,0.69,Normal
18.38,4.07,49.0,24,0.37,Normal
24.53,4.5,43.42,20,0.56,Winding Short
20.59,4.66,59.29,9,0.54,Normal
17.06,5.4,50.86,42,0.62,Normal
21.22,4.01,44.91,14,0.57,Normal
14.89,5.45,55.73,82,0.49,Normal
23.09,4.39,58.97,47,0.45,Normal
21.42,5.37,54.39,85,0.62,Normal
20.77,5.01,52.71,20,0.58,Normal
22.95,4.52,54.2,59,0.41,Normal
27.1,4.8,59.98,95,1.6,Misalignment/Imbalance
23.04,5.34,48.26,49,0.45,Normal
14.48,5.05,51.43,22,0.43,Normal
16.16,5.29,57.61,12,0.6,Normal
18.13,5.99,56.61,68,0.54,Normal
20.08,4.22,55.84,3,0.56,Normal
25.13,5.81,67.71,91,2.33,Bearing Fault
17.82,5.05,54.09,77,0.52,Normal
20.56,4.55,44.11,71,0.34,Normal
19.63,4.33,63.37,8,1.67,Misalignment/Imbalance
18.17,4.91,62.14,34,0.44,Normal
15.78,5.46,47.63,100,0.5,Normal
17.23,4.94,52.07,20,0.45,Normal
15.94,5.76,56.65,57,0.51,Normal
17.07,4.27,61.26,17,0.56,Normal
23.16,4.99,52.76,96,0.4,Normal
18.87,4.37,54.65,71,0.94,Rotor Bar Damage
30.23,5.18,51.23,80,1.4,Misalignment/Imbalance
21.48,5.44,55.52,42,0.63,Normal
20.55,4.79,65.21,94,0.39,Normal
17.42,3.7,56.39,97,0.4,Normal
22.1,5.1,54.89,5,0.46,Normal
18.27,5.22,56.61,85,0.41,Normal
20.37,5.2,54.94,77,0.48,Normal
29.54,5.62,55.16,66,0.91,Rotor Bar Damage
19.71,4.46,59.12,11,0.51,Normal
23.45,5.34,56.13,99,0.6,Normal
17.89,5.6,55.09,11,0.51,Normal
19.9,4.11,50.12,65,0.52,Normal
25.31,5.16,61.52,1,0.39,Normal
18.12,4.75,58.32,14,0.49,Normal
25.44,4.96,52.24,22,0.46,Normal
22.12,5.17,60.01,28,0.57,Normal
18.31,4.76,52.51,80,0.42,Normal
25.15,4.66,68.63,95,2.62,Bearing Fault
31.97,5.02,51.2,90,1.22,Overload
21.87,4.46,46.14,93,0.7,Normal
15.29,4.46,57.36,27,0.48,Normal
17.82,5.34,45.84,13,0.52,Normal
23.3,4.43,65.23,43,2.45,Bearing Fault
19.78,5.33,44.62,29,0.55,Normal
21.86,5.23,54.57,80,0.55,Normal
20.53,4.14,54.25,31,0.49,Normal
15.99,4.66,53.37,69,0.49,Normal
21.14,5.6,49.79,87,0.42,Normal
21.83,4.51,49.14,5,0.55,Normal
21.68,4.77,57.32,26,0.55,Normal
23.24,5.23,52.25,81,0.57,Normal
22.5,5.39,56.58,87,0.45,Normal
21.38,4.87,50.57,100,0.58,Normal
19.79,4.7,55.91,23,0.61,Normal
15.02,5.71,61.52,33,0.38,Normal
28.76,4.19,57.93,39,0.65,Winding Short
28.13,4.41,52.94,46,0.75,Winding Short
20.81,5.04,56.29,78,0.44,Normal
27.82,4.6,53.8,91,1.27,Overload
16.76,4.58,55.04,85,0.5,Normal
23.16,5.26,53.37,23,0.53,Normal
19.88,5.21,54.18,64,0.5,Normal
22.04,5.7,56.06,17,0.57,Normal
22.11,5.33,58.74,43,1.73,Misalignment/Imbalance
20.09,4.25,49.92,75,0.41,Normal
24.4,5.53,51.77,56,1.14,Rotor Bar Damage
18.45,4.5,47.0,27,0.71,Normal
20.29,4.81,48.91,70,0.5,Normal
18.61,5.13,55.8,22,0.67,Normal
18.7,6.0,50.54,84,0.42,Normal
30.07,6.55,57.57,94,1.12,Overload
20.67,5.3,55.17,10,0.65,Normal
18.56,4.91,45.16,85,0.58,Normal
23.77,5.27,58.27,34,0.66,Normal
17.32,5.44,59.05,92,0.55,Normal
19.44,4.84,50.03,41,0.4,Normal
18.68,5.9,57.1,27,0.52,Normal
24.34,5.12,50.72,81,0.62,Normal
20.59,5.25,55.49,77,0.49,Normal
23.1,5.33,48.68,81,0.47,Normal
25.86,5.21,46.03,96,1.2,Overload
20.8,5.42,53.09,23,0.44,Normal
22.67,4.69,54.38,7,0.53,Normal
20.25,4.72,53.01,52,0.51,Normal
23.2,4.45,49.08,71,0.45,Normal
18.45,5.22,53.0,3,0.6,Normal
28.86,5.39,70.85,90,2.55,Bearing Fault
26.9,5.23,54.78,99,0.46,Normal
18.91,5.84,55.91,4,0.5,Normal
30.09,5.0,51.65,97,1.33,Overload
24.36,5.33,60.86,48,0.44,Normal
24.74,4.45,49.12,97,0.33,Normal
18.43,4.81,57.44,29,0.45,Normal
18.74,5.35,60.91,71,0.44,Normal
22.03,5.42,66.16,62,1.96,Misalignment/Imbalance
15.97,4.85,53.99,46,0.54,Normal
17.24,4.96,52.36,25,0.42,Normal
16.99,4.24,60.18,56,0.54,Normal
24.99,3.12,47.89,36,0.74,Winding Short
19.9,5.45,50.15,97,0.49,Normal
24.95,5.29,67.18,6,2.78,Bearing Fault
24.65,5.25,61.19,39,0.57,Normal
17.0,5.02,56.9,91,0.51,Normal
22.95,5.0,50.16,38,0.49,Normal
19.36,4.67,53.45,61,0.44,Normal
19.85,5.35,51.93,91,0.47,Normal
22.02,5.21,51.45,77,0.68,Normal
19.7,5.25,76.92,52,2.37,Bearing Fault
21.15,4.74,48.14,3,0.55,Normal
21.77,3.92,66.56,81,1.18,Rotor Bar Damage
21.48,5.55,59.14,24,0.55,Normal
20.87,4.76,60.45,6,0.58,Normal
27.37,4.57,52.69,27,0.46,Normal
19.4,5.35,58.56,68,1.22,Rotor Bar Damage
18.41,4.8,47.83,66,0.78,Normal
18.13,5.53,52.38,94,0.56,Normal
21.93,5.31,73.7,19,2.87,Bearing Fault
27.56,5.34,61.48,96,1.43,Overload
23.57,4.32,49.46,10,0.41,Normal
24.26,5.61,53.17,66,0.53,Normal
18.29,5.13,54.24,86,0.47,Normal
17.5,4.82,48.02,6,0.44,Normal
21.41,5.07,57.96,22,0.49,Normal
18.34,4.11,51.38,60,0.48,Normal
21.9,5.2,54.02,70,0.39,Normal
20.61,4.49,52.74,33,0.77,Normal
15.45,4.32,51.05,18,0.58,Normal
24.64,4.24,54.96,57,0.52,Normal
25.39,5.56,53.92,8,0.51,Normal
18.16,4.69,53.14,47,0.62,Normal
23.0,5.77,63.66,81,2.43,Bearing Fault
20.86,4.73,56.6,40,0.57,Normal
21.0,4.15,63.27,47,0.51,Normal
21.98,4.44,55.7,44,0.65,Normal
26.03,5.62,59.98,24,0.51,Normal
19.47,4.92,48.05,77,0.54,Normal
17.61,4.73,55.79,24,0.6,Normal
15.86,5.08,49.51,18,0.46,Normal
17.81,5.25,47.62,38,0.29,Normal
19.9,5.56,51.3,78,0.46,Normal
25.38,5.72,60.96,79,0.58,Normal
18.45,4.82,59.75,26,0.57,Normal
22.11,4.34,58.39,73,1.33,Rotor Bar Damage
19.95,4.79,47.34,62,0.46,Normal
23.57,5.13,54.02,67,0.66,Normal
27.58,4.52,56.51,18,0.52,Normal
18.41,4.52,55.88,27,0.56,Normal
22.76,5.17,62.94,84,2.72,Bearing Fault
23.13,4.98,50.55,77,0.36,Normal
23.27,5.02,57.16,32,0.85,Rotor Bar Damage
25.54,4.62,57.68,9,0.4,Normal
21.75,4.88,44.02,82,0.61,Normal
18.92,4.54,54.19,29,0.47,Normal
21.77,5.45,55.72,21,0.7,Normal
23.33,5.52,59.25,2,0.5,Normal
23.63,4.08,63.38,100,0.9,Rotor Bar Damage
21.52,4.54,57.91,81,0.43,Normal
23.2,4.25,51.0,74,0.51,Normal
23.51,4.67,45.46,47,0.55,Normal
25.41,4.96,56.57,1,0.83,Rotor Bar Damage
23.84,4.28,65.19,75,1.85,Misalignment/Imbalance
19.5,4.54,61.97,53,0.58,Normal
25.96,3.4,58.55,5,0.78,Winding Short
30.88,4.08,57.15,39,0.9,Winding Short
17.55,5.03,56.9,92,0.45,Normal
21.11,4.64,52.22,93,0.4,Normal
26.28,3.6,54.35,1,0.79,Winding Short
20.09,4.73,63.35,72,0.62,Normal
23.84,4.86,50.29,1,0.5,Normal
20.57,5.84,63.07,92,0.45,Normal
21.76,5.67,56.77,96,0.67,Rotor Bar Damage
19.16,4.35,78.12,73,2.81,Bearing Fault
22.24,5.41,47.97,97,0.74,Normal
25.88,5.41,77.18,54,2.38,Bearing Fault
26.49,4.43,51.32,71,0.44,Normal
19.08,5.41,47.92,100,0.68,Normal
20.66,5.77,56.09,59,0.62,Normal
20.75,4.44,60.05,96,0.44,Normal
24.73,4.54,50.78,5,0.52,Normal
19.71,5.51,47.5,18,0.55,Normal
20.84,5.14,54.54,95,0.51,Normal
23.1,5.28,56.72,26,1.3,Rotor Bar Damage
20.56,5.17,57.74,0,0.53,Normal
19.89,5.2,64.45,32,1.25,Rotor Bar Damage
20.58,4.34,54.7,39,0.52,Normal
23.22,5.52,64.28,31,0.3,Normal
16.92,5.58,56.12,68,0.38,Normal
20.4,4.89,53.27,16,0.4,Normal
17.9,4.98,46.94,7,0.48,Normal
33.26,4.23,53.69,90,1.43,Overload
15.43,5.26,53.32,41,0.54,Normal
18.32,5.29,59.8,97,0.49,Normal
24.59,4.97,72.07,8,2.76,Bearing Fault
24.7,5.56,49.1,86,0.35,Normal
19.8,4.83,55.86,34,0.45,Normal
18.33,5.28,58.36,70,0.44,Normal
25.64,4.49,62.64,78,0.54,Normal
15.66,4.99,59.44,52,0.59,Normal
13.4,4.91,58.8,53,0.55,Normal
21.32,5.11,55.3,83,0.55,Normal
18.49,4.82,56.94,24,0.46,Normal
16.94,4.93,61.25,66,0.53,Normal
22.13,5.41,48.34,61,0.42,Normal
20.73,4.78,53.25,54,0.57,Normal
26.69,4.2,51.14,98,1.02,Overload
16.16,5.87,56.9,23,0.39,Normal
22.62,5.69,61.15,97,0.5,Normal
26.73,4.35,64.28,45,3.2,Bearing Fault
19.7,5.34,43.05,21,0.65,Normal
25.54,4.75,52.94,10,0.58,Normal
18.02,5.13,63.13,47,0.9,Rotor Bar Damage
15.42,5.15,57.69,7,0.34,Normal
17.92,4.88,57.14,38,0.43,Normal
21.67,4.61,62.54,34,1.42,Misalignment/Imbalance
24.99,4.65,68.36,48,2.47,Bearing Fault
29.56,4.54,57.58,96,1.18,Overload
21.06,4.58,50.83,37,0.37,Normal
18.8,4.97,72.38,7,1.47,Misalignment/Imbalance
26.21,4.64,62.46,53,0.92,Rotor Bar Damage
19.75,5.34,52.1,36,0.64,Normal
23.35,5.74,51.94,90,0.55,Normal
21.03,4.71,54.54,91,0.42,Normal
21.37,5.12,53.8,39,0.62,Normal
21.71,5.25,60.58,33,0.6,Normal
21.34,5.24,55.93,95,0.53,Normal
21.93,5.04,51.34,78,0.5,Normal
23.99,5.37,64.45,16,0.47,Normal
20.59,5.24,55.25,32,0.45,Normal
22.13,4.38,58.84,46,0.37,Normal
25.77,4.02,51.96,51,0.76,Winding Short
24.32,5.44,56.82,79,0.45,Normal
17.97,4.62,56.56,92,0.5,Normal
25.4,5.02,45.55,8,0.41,Normal
19.88,5.34,65.08,32,0.47,Normal
15.71,4.9,61.45,59,0.79,Normal
20.38,5.54,53.01,92,0.43,Normal
28.96,6.18,49.49,100,1.64,Overload
26.92,4.61,69.27,20,2.06,Bearing Fault
18.04,4.31,55.43,57,0.57,Normal
18.66,5.15,56.78,84,0.62,Normal
18.51,5.36,70.97,68,3.34,Bearing Fault
25.69,3.2,57.53,9,0.83,Winding Short
12.73,5.73,62.24,5,0.48,Normal
15.25,4.33,57.84,12,0.48,Normal
26.22,5.35,63.73,64,2.65,Bearing Fault
22.36,4.7,61.81,19,0.35,Normal
21.28,5.86,63.2,56,0.32,Normal
17.1,6.0,70.76,45,0.33,Normal
19.86,4.62,49.38,7,0.41,Normal
27.76,3.24,56.21,9,0.92,Winding Short
16.52,5.43,44.59,72,0.58,Normal
24.51,4.81,57.77,66,0.44,Normal
22.63,4.98,52.26,10,0.5,Normal
19.34,5.01,64.62,11,0.39,Normal
20.08,4.04,51.13,9,0.4,Normal
20.63,4.99,46.55,24,0.56,Normal
13.87,4.66,52.64,48,0.6,Normal
27.69,4.75,45.12,94,1.03,Overload
17.95,5.72,58.76,88,0.66,Normal
17.0,4.37,44.67,10,0.6,Normal
26.13,3.52,55.14,61,0.99,Winding Short
25.39,4.86,44.61,35,0.47,Normal
21.92,4.86,53.4,38,0.65,Normal
18.29,5.4,63.22,52,0.72,Normal
21.72,5.17,56.8,89,0.46,Normal
26.07,5.29,59.37,77,1.85,Misalignment/Imbalance
22.77,5.48,54.84,55,0.41,Normal
20.18,4.83,55.09,0,0.39,Normal
25.2,3.69,57.36,55,0.51,Winding Short
26.39,4.46,62.34,3,2.37,Bearing Fault
21.18,4.59,57.96,29,0.53,Normal
24.77,6.47,51.18,11,1.52,Misalignment/Imbalance
21.91,5.62,51.85,34,0.52,Normal
30.52,2.9,52.56,76,0.95,Winding Short
18.39,4.34,58.17,51,0.45,Normal
23.95,5.24,55.11,30,0.49,Normal
20.59,5.27,47.97,86,0.45,Normal
26.23,5.27,50.08,67,0.47,Normal
25.37,3.57,55.99,51,0.74,Winding Short
25.21,4.94,54.6,79,0.51,Normal
20.59,5.16,52.1,6,0.44,Normal
18.05,5.04,52.6,21,0.38,Normal
18.55,3.89,58.48,92,0.56,Normal
22.33,4.89,71.58,74,3.56,Bearing Fault
21.27,4.57,54.56,55,0.61,Normal
21.57,5.09,65.85,96,0.4,Normal
18.28,6.49,47.88,57,0.45,Normal
19.93,5.18,45.74,92,0.52,Normal
26.43,4.84,58.92,63,0.45,Normal
25.18,5.46,51.61,11,0.56,Normal
21.31,5.24,53.41,6,0.55,Normal
20.11,5.21,51.09,54,0.55,Normal
20.36,5.3,53.7,61,0.65,Normal
22.85,6.03,66.47,89,1.08,Rotor Bar Damage
18.22,4.43,63.31,72,1.0,Rotor Bar Damage
19.23,5.24,59.31,97,0.48,Normal
14.99,4.54,47.92,76,0.49,Normal
21.2,5.28,49.24,54,0.39,Normal
21.94,4.54,40.8,35,0.32,Normal
21.16,4.79,58.95,88,1.39,Misalignment/Imbalance
24.72,4.85,59.78,23,0.62,Normal
16.32,5.49,57.58,43,0.47,Normal
15.61,5.46,53.89,16,0.66,Normal
20.67,4.38,54.89,1,0.48,Normal
23.14,5.03,51.56,12,0.3,Normal
25.05,4.65,56.02,30,0.59,Normal
18.62,4.37,58.83,92,0.45,Normal
35.12,4.89,46.92,95,1.35,Overload
19.88,4.85,56.5,59,0.37,Normal
19.48,6.21,59.66,26,0.54,Normal
22.65,5.22,52.92,14,0.42,Normal
24.23,4.31,67.57,94,1.86,Misalignment/Imbalance
15.27,4.72,69.07,78,0.58,Normal
24.43,5.51,54.48,32,0.55,Normal
24.14,6.04,56.97,19,0.51,Normal
18.12,4.21,51.31,41,0.36,Normal
21.19,4.06,55.91,11,0.57,Normal
23.18,5.94,67.18,100,2.01,Misalignment/Imbalance
20.78,5.19,55.97,72,0.4,Normal
18.35,4.57,49.9,22,0.41,Normal
17.99,5.27,56.03,71,0.61,Normal
19.92,3.68,62.31,95,0.48,Normal
23.52,5.0,57.24,13,0.41,Normal
28.87,3.66,59.81,90,0.89,Winding Short
18.89,5.46,53.81,24,0.44,Normal
22.32,4.49,58.75,76,0.52,Normal
13.37,5.04,62.19,84,1.4,Misalignment/Imbalance
23.45,4.54,50.25,30,0.47,Normal
16.68,5.13,64.55,100,1.84,Misalignment/Imbalance
21.6,4.55,58.97,53,1.22,Misalignment/Imbalance
16.64,4.8,51.84,4,0.56,Normal
16.12,4.5,55.95,12,0.59,Normal
23.48,5.33,56.49,27,0.44,Normal
18.6,5.43,49.05,42,0.59,Normal
27.29,3.32,60.27,88,0.58,Winding Short
19.86,5.02,57.86,98,0.43,Normal
21.43,4.28,51.48,46,0.42,Normal
20.23,4.85,47.31,70,0.6,Normal
16.15,4.97,54.28,37,0.33,Normal
22.99,6.31,52.77,95,0.66,Normal
18.52,4.44,55.57,66,0.47,Normal
15.33,5.73,53.18,61,0.56,Normal
30.07,5.5,44.96,93,1.5,Overload
24.5,5.14,53.06,36,0.52,Normal
22.55,5.88,53.47,85,0.44,Normal
18.95,5.19,58.17,7,0.62,Normal
18.95,5.19,51.51,80,0.45,Normal
19.04,4.97,63.39,51,0.43,Normal
26.23,5.61,45.44,90,0.59,Normal
21.15,5.55,61.56,32,0.51,Normal
32.58,4.69,53.88,99,1.52,Overload
23.09,4.34,59.3,41,0.49,Normal
20.72,4.9,55.4,75,0.43,Normal
19.22,4.6,60.7,26,0.53,Normal
19.41,4.97,53.06,7,0.46,Normal
19.79,5.62,49.51,22,0.44,Normal
19.89,4.77,62.1,63,0.58,Normal
22.18,4.98,54.43,92,0.68,Normal
20.16,5.03,56.11,19,0.48,Normal
22.2,5.42,61.17,15,0.4,Normal
19.76,3.88,49.84,16,0.48,Normal
20.24,4.7,57.98,79,0.55,Normal
14.01,5.11,52.05,18,0.53,Normal
22.75,5.6,54.34,7,0.62,Normal
21.04,4.75,55.36,37,0.57,Normal
22.99,4.06,47.5,37,0.39,Normal
11.31,5.31,51.11,52,0.45,Normal
30.31,4.68,76.81,92,2.65,Bearing Fault
19.58,4.41,59.43,99,0.61,Normal
23.32,4.69,54.69,89,0.3,Normal
18.93,4.91,63.34,30,1.42,Misalignment/Imbalance
21.84,4.7,53.53,43,0.45,Normal
16.84,3.9,61.78,59,0.56,Normal
18.13,5.45,54.0,75,0.45,Normal
25.74,5.64,56.16,16,0.46,Normal
19.43,5.33,60.73,78,0.47,Normal
31.51,4.43,51.11,100,1.47,Overload
22.61,4.9,62.79,38,0.38,Normal
21.49,5.0,47.35,41,0.41,Normal
20.45,5.3,63.15,47,0.67,Normal
21.09,5.33,53.14,11,0.54,Normal
27.21,4.63,53.79,95,0.58,Normal
19.83,5.04,45.55,88,0.51,Normal
20.6,5.23,52.73,17,0.49,Normal
29.97,4.62,49.8,78,0.98,Winding Short
23.32,5.35,51.96,95,0.57,Normal
23.56,5.39,54.31,5,0.58,Normal
30.02,5.04,59.79,90,1.11,Overload
27.02,5.71,56.04,99,1.36,Overload
24.9,5.2,56.54,97,0.25,Normal
16.56,4.57,49.52,53,0.59,Normal
23.98,5.7,60.86,61,3.07,Bearing Fault
17.74,5.35,63.99,68,0.56,Normal
19.81,4.78,51.32,81,0.44,Normal
20.99,4.76,63.28,15,0.37,Normal
20.96,5.15,53.78,7,0.53,Normal
21.27,5.23,55.01,88,0.35,Normal
24.84,5.1,60.35,95,0.46,Normal
21.36,5.16,61.36,89,0.42,Normal
29.49,5.85,54.45,98,1.37,Overload
22.89,5.54,53.06,30,0.58,Normal
23.57,5.1,54.72,9,0.45,Normal
16.32,5.47,56.69,55,0.53,Normal
21.79,4.48,59.46,75,0.57,Normal
24.04,5.2,58.82,91,1.14,Rotor Bar Damage
24.49,4.08,58.09,69,0.89,Winding Short
24.13,4.89,63.19,19,0.64,Normal
19.55,4.58,56.91,4,0.49,Normal
20.38,4.67,56.56,22,0.55,Normal
23.63,4.46,65.94,8,2.65,Bearing Fault
20.05,4.61,41.85,57,0.38,Normal
16.71,4.81,56.94,58,0.42,Normal
15.68,4.3,54.53,92,0.54,Normal
29.7,5.01,68.35,79,3.02,Bearing Fault
17.46,5.45,56.22,53,0.48,Normal
22.54,3.24,54.7,45,0.64,Winding Short
13.54,5.76,60.64,21,0.61,Normal
18.08,5.26,55.43,63,0.53,Normal
16.03,5.52,51.27,7,0.62,Normal
26.31,4.67,63.58,19,0.98,Rotor Bar Damage
33.63,5.43,53.91,93,1.24,Overload
29.37,4.45,57.63,91,1.03,Overload
26.76,5.45,52.61,38,0.45,Normal
28.64,4.04,51.75,36,1.15,Winding Short
19.03,5.28,55.42,49,0.58,Normal
12.5,4.41,55.06,33,0.39,Normal
26.87,4.55,57.4,74,0.76,Normal
15.83,5.3,53.66,32,0.46,Normal
15.06,4.53,45.82,30,0.53,Normal
23.07,5.23,52.84,53,0.59,Normal
27.32,4.32,58.97,43,0.35,Normal
24.15,5.42,53.51,33,0.42,Normal
21.69,4.38,53.77,70,0.66,Normal
21.78,5.28,59.93,61,0.48,Normal
22.56,5.31,51.44,22,0.6,Normal
22.28,4.65,47.29,45,0.45,Normal
32.14,5.29,54.2,90,1.18,Overload
20.31,5.13,52.58,6,0.68,Normal
24.17,4.73,64.94,88,2.29,Bearing Fault
17.74,4.5,54.12,60,0.47,Normal
21.04,4.02,60.9,2,0.96,Rotor Bar Damage
14.92,5.17,54.95,37,0.44,Normal
19.7,4.22,56.53,83,0.62,Normal
17.03,5.05,64.07,33,0.58,Normal
20.36,4.87,65.12,43,2.91,Bearing Fault
27.23,4.13,56.39,29,0.99,Winding Short
24.18,4.85,52.45,16,0.49,Normal
22.75,4.84,50.77,58,0.53,Normal
15.29,5.37,52.08,9,0.44,Normal
17.03,5.17,52.61,98,0.61,Normal
22.82,5.16,56.8,83,0.5,Normal
20.67,5.23,83.41,17,3.37,Bearing Fault
19.33,4.23,51.42,44,0.42,Normal
21.65,5.38,52.92,90,0.43,Normal
17.09,5.31,54.68,58,0.77,Normal
20.32,4.49,56.98,61,0.68,Normal
16.0,4.88,56.32,58,0.49,Normal
20.11,4.98,66.22,48,1.15,Rotor Bar Damage
24.18,4.93,58.6,99,2.16,Bearing Fault
15.22,5.17,43.07,62,0.44,Normal
21.32,5.72,52.52,86,0.43,Normal
19.94,5.54,60.49,31,0.57,Normal
28.12,2.76,47.17,9,0.87,Winding Short
20.67,5.31,39.96,10,0.46,Normal
24.09,5.66,57.86,69,0.57,Normal
20.38,5.19,56.22,61,0.36,Normal
18.71,5.55,49.55,46,0.51,Normal
20.37,6.01,50.07,33,0.38,Normal
21.63,5.51,50.15,99,0.38,Normal
20.15,5.12,55.55,100,0.43,Normal
20.12,5.52,51.87,16,0.54,Normal
20.02,5.07,64.9,53,1.41,Misalignment/Imbalance
18.01,5.01,40.73,75,0.38,Normal
15.79,4.82,50.72,84,0.55,Normal
25.25,5.78,49.37,39,0.65,Normal
16.27,4.59,53.72,18,0.56,Normal
17.92,5.77,52.31,66,0.68,Normal
17.84,5.25,58.99,81,0.64,Normal
22.68,4.3,45.7,52,0.45,Normal
19.12,5.18,55.23,63,0.56,Normal
23.74,3.95,57.79,82,0.49,Normal
17.98,5.31,64.28,46,0.61,Normal
20.84,5.44,52.59,5,0.49,Normal
17.49,4.7,56.62,15,0.42,Normal
28.75,5.06,52.35,71,1.95,Misalignment/Imbalance
16.44,5.98,43.04,17,0.53,Normal
20.93,4.75,59.22,51,0.43,Normal
21.9,4.47,54.97,47,0.45,Normal
21.24,5.74,60.89,42,0.43,Normal
19.44,5.98,48.13,38,0.4,Normal
19.61,5.0,57.6,48,0.45,Normal
20.13,5.51,64.34,11,0.54,Normal
19.56,5.67,57.1,9,0.51,Normal
29.13,3.17,56.38,70,0.66,Winding Short
26.63,4.76,55.04,54,0.65,Normal
24.0,3.87,47.15,0,0.57,Winding Short
15.89,5.84,61.78,48,0.53,Normal
19.74,5.28,51.95,35,0.49,Normal
27.74,4.56,57.52,20,0.4,Normal
17.59,5.99,47.18,36,0.54,Normal
28.62,4.73,60.53,23,3.36,Bearing Fault
34.58,4.83,62.18,97,1.16,Overload
18.34,5.17,53.26,24,0.59,Normal
23.43,5.78,64.47,6,1.37,Rotor Bar Damage
27.71,5.43,63.66,80,1.93,Misalignment/Imbalance
18.86,5.21,45.79,92,0.64,Normal
19.39,5.23,59.46,93,0.38,Normal
18.25,5.02,52.05,70,0.49,Normal
19.12,5.28,64.32,96,1.94,Misalignment/Imbalance
24.82,2.11,55.13,70,0.88,Winding Short
16.33,4.85,47.28,23,0.56,Normal
30.32,5.12,55.82,100,1.28,Overload
29.28,4.42,65.98,97,1.08,Overload
20.7,5.19,57.46,11,0.46,Normal
16.85,4.9,60.92,34,1.69,Misalignment/Imbalance
22.5,5.88,65.04,62,1.08,Rotor Bar Damage
22.5,5.79,56.05,67,0.35,Normal
14.02,4.77,56.05,99,0.59,Normal
21.12,4.92,49.54,91,0.49,Normal
26.13,4.96,62.99,56,1.89,Misalignment/Imbalance
16.37,4.77,60.18,12,0.49,Normal
25.02,5.1,50.82,22,0.66,Normal
21.26,4.62,62.12,82,0.65,Normal
19.66,4.43,58.0,100,1.02,Rotor Bar Damage
21.58,5.31,59.45,38,1.45,Misalignment/Imbalance
21.67,5.31,59.99,87,0.39,Normal
20.23,4.6,53.57,79,0.5,Normal
21.62,5.45,58.8,96,0.53,Normal
17.24,4.68,53.54,11,0.58,Normal
20.51,5.13,54.7,33,0.53,Normal
15.76,5.41,57.47,70,0.4,Normal
23.52,4.98,72.52,74,2.78,Bearing Fault
17.29,5.23,45.02,30,0.44,Normal
20.26,4.74,55.31,92,1.88,Misalignment/Imbalance
23.71,4.9,59.65,61,0.56,Normal
23.27,4.9,54.34,12,0.57,Normal
25.64,4.63,69.43,30,2.37,Bearing Fault
16.72,4.91,48.21,1,0.29,Normal
19.05,4.23,49.6,14,0.33,Normal
23.64,4.75,44.89,56,0.49,Normal
20.43,4.86,54.49,74,0.51,Normal
26.96,4.87,52.01,33,0.63,Normal
21.18,4.88,50.17,67,0.51,Normal
20.58,4.97,54.66,74,0.4,Normal
19.07,5.24,56.82,28,0.57,Normal
20.4,5.44,65.47,65,0.5,Normal
20.76,4.68,49.46,15,0.88,Rotor Bar Damage
22.12,4.4,60.8,38,0.34,Normal
22.87,4.48,59.87,76,0.51,Normal
19.6,4.76,54.61,36,1.19,Rotor Bar Damage
16.01,4.82,56.02,80,0.4,Normal
14.49,4.62,52.71,20,0.57,Normal
27.18,3.34,55.93,43,0.95,Winding Short
16.69,4.77,62.55,18,0.5,Normal
13.54,5.09,58.03,70,0.5,Normal
21.17,5.3,57.54,7,0.59,Normal
27.48,4.72,52.85,76,0.54,Normal
28.68,4.79,47.58,90,1.27,Overload
22.52,4.54,53.96,65,0.48,Normal
24.64,4.98,77.48,40,2.67,Bearing Fault
19.7,4.58,47.36,74,0.3,Normal
22.76,5.29,49.72,87,0.41,Normal
19.13,4.11,55.63,69,0.57,Normal
20.8,4.82,50.08,60,0.62,Normal
26.46,3.85,51.04,25,0.92,Winding Short
18.0,5.09,52.88,70,0.59,Normal
22.98,6.35,48.17,82,0.51,Normal
19.48,5.17,50.13,69,0.4,Normal
17.73,4.5,58.52,28,0.48,Normal
21.61,4.95,48.46,65,0.3,Normal
17.3,4.11,47.01,18,0.63,Normal
20.08,4.96,51.85,67,0.42,Normal
22.56,4.58,67.27,57,1.71,Misalignment/Imbalance
32.89,5.46,54.02,93,1.17,Overload
21.42,4.73,52.68,56,0.34,Normal
19.92,4.94,55.22,36,0.38,Normal
27.3,4.68,64.79,60,2.81,Bearing Fault
25.29,5.87,60.56,91,0.95,Rotor Bar Damage
21.67,4.84,56.92,29,0.49,Normal
20.03,5.92,52.95,70,0.5,Normal
16.06,5.41,60.03,72,0.63,Normal
16.8,5.24,49.36,24,0.56,Normal
19.08,5.18,60.64,96,0.55,Normal
18.17,5.2,55.77,64,0.58,Normal
19.44,4.04,53.32,5,0.47,Normal
20.17,4.86,54.9,17,0.72,Normal
21.59,5.42,54.46,9,0.27,Normal
19.79,4.98,61.1,91,0.65,Normal
32.88,4.3,49.62,96,1.43,Overload
20.19,4.97,51.19,96,0.52,Normal
14.07,5.85,60.18,64,0.51,Normal
17.18,5.62,52.02,76,0.48,Normal
19.57,4.97,59.5,100,0.61,Normal
16.37,5.48,63.5,83,0.5,Normal
31.6,4.82,52.99,100,0.98,Overload
24.59,4.15,58.41,51,0.59,Normal
23.66,4.54,49.23,66,0.66,Normal
19.36,5.78,58.77,81,0.31,Normal
24.47,4.86,56.0,77,0.74,Normal
20.45,4.88,57.37,30,0.4,Normal
29.68,4.85,51.77,99,0.95,Overload
18.16,5.95,46.69,16,0.38,Normal
23.6,5.81,72.77,54,2.55,Bearing Fault
25.7,4.52,44.68,92,0.58,Winding Short
20.51,4.92,53.41,35,0.38,Normal
20.48,5.15,59.71,100,0.43,Normal
20.01,4.24,55.96,25,0.51,Normal
21.31,5.74,64.74,52,0.52,Normal
35.3,4.42,60.13,92,1.34,Overload
22.85,5.11,51.73,85,0.62,Normal
15.55,4.45,55.14,24,0.6,Normal
13.93,4.71,59.03,1,1.03,Rotor Bar Damage
24.53,4.58,49.86,85,0.69,Rotor Bar Damage
15.9,4.7,50.3,4,0.31,Normal
19.33,4.73,52.2,3,0.6,Normal
16.49,4.73,44.82,35,0.58,Normal
14.59,5.42,55.24,5,0.44,Normal
21.62,4.45,53.75,20,0.36,Normal
22.28,5.11,46.64,76,0.4,Normal
30.09,5.61,57.02,92,1.27,Overload
12.23,4.74,58.58,88,0.52,Normal
18.36,4.64,56.14,25,0.6,Normal
21.18,4.88,53.38,54,0.45,Normal
15.56,5.59,57.96,38,0.48,Normal
20.55,5.1,58.4,83,0.61,Normal
19.95,4.73,56.54,32,0.29,Normal
21.74,5.24,50.88,13,0.53,Normal
20.36,4.45,56.38,55,0.47,Normal
18.09,5.34,64.93,99,0.95,Rotor Bar Damage
23.59,5.2,52.02,80,0.55,Normal
19.52,4.85,65.49,20,0.43,Normal
25.24,3.09,52.37,45,0.79,Winding Short
17.2,4.56,55.16,15,0.27,Normal
18.67,5.27,51.64,15,0.57,Normal
17.35,5.61,56.12,83,0.52,Normal
19.48,4.68,46.29,28,0.64,Normal
29.64,5.23,64.42,91,3.21,Bearing Fault
15.88,3.96,49.54,7,0.59,Normal
15.16,4.71,55.68,87,0.39,Normal
24.41,4.98,59.97,2,0.23,Normal
19.37,4.55,58.23,88,0.49,Normal
17.99,4.53,43.14,18,0.44,Normal
24.89,4.67,68.51,96,0.77,Rotor Bar Damage
18.18,5.15,56.48,65,0.59,Normal
27.02,4.91,56.22,78,1.86,Misalignment/Imbalance
22.03,3.88,55.79,85,0.51,Normal
18.54,3.94,55.88,73,0.48,Normal
26.47,4.7,51.67,81,0.51,Normal
18.18,5.23,55.99,21,0.43,Normal
22.23,3.63,51.96,45,0.56,Normal
28.69,3.53,52.98,90,0.85,Winding Short
26.56,4.74,57.69,12,1.25,Misalignment/Imbalance
24.68,5.69,47.84,32,0.42,Normal
20.1,4.81,55.73,4,0.55,Normal
17.74,5.19,57.93,89,0.47,Normal
21.38,5.07,57.57,76,0.64,Normal
17.97,3.93,59.1,26,0.58,Normal
26.04,5.38,56.62,77,0.42,Normal
20.41,5.11,52.34,23,0.56,Normal
18.9,5.25,59.2,66,0.46,Normal
20.55,6.96,48.21,62,0.55,Normal
15.96,3.96,50.5,93,0.59,Normal
17.09,5.86,50.18,98,0.61,Normal
25.33,4.86,68.28,47,1.78,Misalignment/Imbalance
20.12,5.14,69.45,62,1.63,Misalignment/Imbalance
16.86,4.98,57.44,77,0.54,Normal
21.61,4.79,60.36,11,0.51,Normal
23.56,4.72,50.6,27,0.47,Normal
22.16,5.16,56.74,43,0.44,Normal
22.99,4.24,54.37,92,0.54,Normal
17.73,5.38,59.23,42,0.51,Normal
15.73,4.79,54.42,16,0.53,Normal
24.5,4.43,53.08,39,0.55,Normal
19.03,4.77,57.7,48,0.53,Normal
19.25,5.63,59.38,84,0.7,Normal
23.98,4.73,51.66,56,0.45,Normal
21.67,5.18,54.69,86,0.54,Normal
22.41,4.63,51.84,83,1.13,Rotor Bar Damage
26.5,5.38,42.51,63,0.25,Normal
18.07,5.34,56.0,74,0.48,Normal
22.78,5.92,58.04,56,0.41,Normal
20.17,4.91,56.31,97,0.49,Normal
20.81,5.33,45.25,73,0.5,Normal
24.59,5.05,53.25,73,0.54,Normal
21.52,5.65,43.91,69,0.45,Normal
21.61,4.64,61.85,99,0.46,Normal
23.22,5.37,49.57,87,0.57,Normal
18.91,4.9,61.28,75,0.42,Normal
17.48,4.97,59.73,42,0.32,Normal
16.87,5.05,50.5,22,0.52,Normal
24.47,5.13,49.34,100,1.58,Overload
26.17,4.94,56.75,57,0.57,Normal
16.69,5.11,50.78,36,0.52,Normal
19.34,5.79,55.51,5,0.63,Normal
19.17,5.49,52.59,64,0.61,Normal
20.92,5.43,46.09,5,0.47,Normal
22.45,4.77,43.85,49,0.52,Normal
22.58,4.56,56.13,21,0.53,Normal
18.25,5.48,52.19,87,0.49,Normal
19.5,5.44,52.23,24,0.61,Normal
20.85,5.74,58.48,78,0.48,Normal
19.25,4.7,60.87,89,0.45,Normal
24.82,4.89,53.64,71,0.24,Normal
21.47,4.18,53.3,50,0.42,Normal
22.2,4.8,57.5,87,0.37,Normal
21.99,5.5,48.22,47,0.5,Normal
28.33,4.77,70.96,69,2.57,Bearing Fault
20.54,5.32,57.76,98,0.56,Normal
25.99,4.9,58.4,95,1.46,Overload
21.2,5.16,45.32,59,0.5,Normal
19.57,4.43,58.28,45,1.26,Misalignment/Imbalance
24.22,3.41,50.61,35,0.84,Winding Short
29.66,1.62,55.5,57,0.89,Winding Short
35.48,4.91,57.4,96,1.51,Overload
23.84,4.18,76.55,37,2.11,Bearing Fault
24.19,5.6,69.07,10,3.06,Bearing Fault
25.11,5.39,52.51,11,0.33,Normal
20.72,5.23,60.75,41,0.39,Normal
27.81,5.76,56.48,38,0.53,Normal
21.7,4.53,61.34,70,0.44,Normal
17.29,5.87,65.22,10,1.28,Misalignment/Imbalance
22.26,5.47,49.21,35,0.6,Normal
21.14,4.88,48.33,51,0.55,Normal
27.05,5.57,57.73,30,2.33,Bearing Fault
22.02,4.45,58.31,32,0.6,Normal
19.58,4.59,60.94,12,0.55,Normal
16.33,4.7,64.25,17,0.55,Normal
19.37,4.74,59.22,40,0.44,Normal
17.45,4.47,60.81,57,0.48,Normal
21.86,5.61,67.41,55,2.42,Bearing Fault
21.77,4.87,49.22,23,0.59,Normal
36.29,5.18,59.25,92,1.06,Overload
21.18,4.71,57.09,30,0.41,Normal
16.41,4.09,55.54,54,0.41,Normal
21.33,5.14,56.94,9,0.68,Normal
23.59,4.04,56.62,59,0.43,Normal
18.17,4.97,61.42,1,0.59,Normal
19.6,4.32,61.47,14,0.5,Normal
20.04,5.99,57.72,2,0.42,Normal
17.65,5.46,59.23,42,0.4,Normal
21.94,5.05,57.57,30,0.44,Normal
19.64,5.63,52.69,69,0.49,Normal
24.92,4.58,73.49,66,2.53,Bearing Fault
17.34,5.27,48.03,55,0.45,Normal
18.69,5.1,60.27,62,0.45,Normal
22.17,5.13,49.03,74,0.41,Normal
18.88,5.64,56.43,14,0.38,Normal
25.18,5.37,50.77,91,0.37,Normal
18.8,5.14,57.77,9,0.6,Normal
20.67,4.17,54.83,37,0.45,Normal
22.8,4.52,47.03,46,0.46,Normal
15.74,4.94,57.1,56,0.43,Normal
25.87,5.05,52.11,92,0.98,Overload
15.42,4.43,59.41,70,0.54,Normal
23.79,6.21,55.01,14,0.45,Normal
18.34,5.76,56.98,17,0.52,Normal
27.67,5.3,50.21,81,0.64,Normal
18.31,5.04,52.05,87,0.42,Normal
20.55,4.89,52.71,1,0.46,Normal
27.35,4.52,66.3,83,2.02,Misalignment/Imbalance
26.02,5.04,63.39,97,0.65,Normal
38.01,5.13,50.97,92,1.2,Overload
28.4,4.38,76.8,25,2.8,Bearing Fault
23.07,5.17,44.15,70,0.5,Normal
21.78,4.92,49.03,37,0.49,Normal
